No,Family (House Name),Head of Family,Group,Page,Phone 1,Phone 2,Match Quality
1,Adackamundackal,Valsamma,36,185,9037466418,,By elimination
2,Aenekattu,Appachan,10,113,7592834215,,Matched
3,Aenekattu,Prakash[Thomas],12,123,9494113710,9496958384,Matched
4,Aenekattu,Johny,12,124,9446123677,,Matched
5,Aenekattu,Subhash Kuriakose,12,124,9947172696,,By elimination (page 124)
6,Alappat Chakery,Lonappan,19,146,9388456527,9544036954,Approximate
7,Alappattkunnel,Linoj Chacko,13,128,9744601673,9961223168,By elimination
8,Alencheril,Thomas Joseph,7A,102,9645130489,9645574315,Approximate
9,Alencherry,Thomas,13,129,9495265643,9747606719,Matched
10,Alunkal,Saji,26,164,9495848329,8606415108,Matched
11,Ambattu,Ammini,28,169,9633493225,8943720596,By elimination
12,Ambattu,Lal,38,194,9074930619,8075297062,By elimination
13,Anakallummukalel,Boben,4A,78,9495235211,7907098050,Matched
14,Anchanickal,Mathew,4B,85,9447868055,9497847386,Matched
15,Anchanickal,Baby Thomas,30,171,9447240594,9821666689,Matched
16,Anickal,Aniamma,14,132,9947804874,,Approximate
17,Anjilickal,Arun,14,132,9744725458,8281914356,Matched
18,Anjilickal,Winson,31,173,9847325384,9048615129,Matched
19,Anns Villa,Santhosh Mathew,10,113,9544334146,8606083649,Matched
20,Arackathazhathu,Xavier,25B,163,9447109053,8547467661,Matched
21,Areekkalthazhe,Georgekutty,37,192,9605216476,9562652981,Matched
22,Arimattam,Georgekutty,7A,103,9562853330,9446862155,Matched
23,Arimattam,Thankachan,32,175,9562824406,8861951133,Matched
24,Arinchidathu,Jacob A C,2,66,9447677375,9447677366,Matched
25,Aryadanpackal,Thomas,39,196,9495686118,8304059118,Matched
26,Aryamkulam,Raju,38,194,9495025464,8848267471,Matched
27,Aryamkulath,Emmanuel Kurian,3A,70,9497097130,9495394346,Matched
28,Aryamkulath,Baby Kurian,19,145,8547467503,8606888096,Matched
29,Aryamkulath,John [Adv. Johny],30,171,9447412673,9446714977,Matched
30,Aryamkulath,Babichan,35,184,9746217458,9526540150,Approximate
31,Aryankulam,George Kurian,22,153,9447367233,9497786223,Matched
32,Aryankulath,Saju,32,175,9744758774,9656819513,Matched
33,Ashariyet,George John,35,183,9562686631,7736466324,Matched
34,Ashariyettu,Kunchacko John,6A,94,9495394211,8848474753,Matched
35,Athiyalil,Byju Thomas,7B,105,9747109426,,By elimination
36,Athiyalil,Manjusha Joban,24,157,9961702789,,Matched
37,Athiyalil,Babu,24,157,9447106341,7559923202,Matched
38,Athiyalil,C Jacob,24,157,9846723165,9745173708,Matched
39,Athiyalil,Roy,24,157,9605921501,7510215493,By elimination
40,Athiyalil,Boban,24,158,9447313339,9744713329,By elimination
41,Athiyalil,Joseph,33,177,9495020835,,Matched
42,Athiyalil,Mercy,46,213,7025112660,8590047070,Matched
43,Ayalloor,Abraham,25A,159,9447070395,9895442892,Matched
44,Ayalloor,Tom Jose,35,183,9446665242,9495634626,Matched
45,Ayalooparambil,James K Eapen,33,177,9447977528,9496962733,By elimination
46,Ayalooparambil,Pappachan,39,196,9605720417,9074816748,Matched
47,Ayillikunnel,Ouseppachan,10,113,9447875722,8281494570,Matched
48,Ayyanolil,Thomas John,3A,70,8547259328,9447329653,Matched
49,Azhakedath,Reji Thomas,1,57,9544536436,8547916436,By elimination
50,Azheekal,George Thomas,32,176,9620665179,,Matched
51,Azheekal,Andrew Luka John,33,179,9448332766,9449684966,Matched
52,Azheekal,Jacob Bosco John,33,179,8150961629,,From nearby page 178
53,Azhickal,Georgy,4A,78,9495235528,9495642344,Matched
54,Azhiyickal,John Xavier,42,203,9447127232,9446712217,Matched
55,Blessy Bhavan,Alykutty Jose,46,213,9747843608,,Matched
56,Chackalackal,Boben Babu,22,154,9544538547,8921651389,Matched
57,Chackalackal,Babu Joseph,22,154,9495138505,9048924620,Matched
58,Chakiriyamthadathil,Saji Thomas,7B,105,9495021239,9201421239,By elimination
59,Chakkalathara,Prince,9,111,9447572849,7012444908,Matched
60,Chakkittayil,Annamma Joseph,8,108,8606792967,,Matched
61,Chamakalayil,Seban Sebastian,21B,152,8606457926,7510771523,Matched
62,Changalikuzhiyil,Thomas C Abraham,3A,71,9037786517,9744593833,Matched
63,Changalikuzhiyil,Jiji Jacob,35,183,9747091730,9656091731,Matched
64,Changalikuzhiyil,Jimmy,35,183,9496065409,9496502745,Matched
65,Changalikuzhiyil,Annamma,35,183,6282350411,9048068374,By elimination
66,Changalikuzhiyil,Varghese,46,214,8943267024,,Matched
67,Changalikuzhy,Mathew,21B,152,7025764020,,Matched
68,Changalikuzjhy,Thankachan,38,195,9895231642,9495020319,Approximate
69,Charuvilaputhenveedu,Aniamma,44,207,9496541121,9495891121,By elimination
70,Chavarackal,Kuttiyachan,5B,92,9496720582,,Matched
71,Chavarackal,Joseph [Manoj],8,108,9539201167,9539648375,Matched
72,Chavarackal,Leelamma,20,150,9744648933,,Matched
73,Chavarapuzha,Shijumon C Thomas,27B,168,9846623619,6282438292,Approximate
74,Chavarupara,Binoy,25A,159,9447143187,9496223853,By elimination
75,Cheenivelil,Thomas,8,107,8606251263,,Matched
77,Cheeranvelil,Jose Prakash Antony,17,141,9447153502,9544176496,Matched
78,Cheeranvelil,Ancy Santhosh,22,154,8113918175,,Matched
79,Chembakamangalam,Babichan,35,184,9446746680,,Matched
80,Chembananickal,Valsamma Antony,15,135,9526206055,,By elimination
81,Chemmarappallil,Antony Joseph,5A,88,8547223641,9895983641,Matched
82,Chempakasserry,Appachan,10,113,9495264441,8281488607,Matched
83,Chenapurackal,Abraham C J,24,157,7025161858,8089693901,Matched
84,Chennackattukunnel,Linsmon C Devasia,38,195,9747911458,7025225106,Matched
85,Chennamkulam,Dr. Jose C Mathew,4B,84,9447226689,9495321309,Matched
86,Chennithala,Sebastian,36,185,7025458411,8086671685,Approximate
87,Cheriparambil,Babu,26,164,8921859408,9847976070,Matched
88,Cheripuram,Prakash George,18B,144,9447086206,8086454141,Matched
89,Cheripurathu,Rosamma Mathew,1,56,9497090388,,Matched
90,Cheripurathu,Baby,3B,74,9961809087,8848968972,Matched
91,Cherukadoor,Siby,38,195,9447403736,9446214603,Matched
92,Chethimattathil,Appachan,6A,94,9497664251,,Matched
93,Chettiyakunnel,Rosamma,38,194,9995063739,9020279728,Matched
94,Chilambil,Thomas,40,198,9447152401,9496267644,Matched
95,Chingamparambil,Babu Joseph,30,171,9447390692,9526290692,Matched
96,Chingamparambil,Sunny,35,183,9947312757,7025553889,By elimination
97,Chirackalath,Jose,34,181,9497398682,9188208941,Matched
98,Chirackalathu,Asha Josy,2,65,9946169468,8281338997,Matched
99,Chirackalparambil,Eappachan,39,197,9846712198,7025820905,By elimination
100,Chiraveliyil,Joseph,21A,151,9400074586,9061629015,Matched
101,Chirayil,C J Thomas,23,155,9744593363,8547256463,Matched
102,Chirayil,Lilly,27B,168,8078128506,9744002441,Matched
103,Chirayil,Jose,31,173,9544494376,9744839101,Matched
104,Chittathuvadakkethil,Biju Joseph,16,137,9961019514,6282958871,Matched
105,Chittathuvadakkethil,Binoy Joseph,16,137,9633957734,9446203506,Matched
106,Chittettu,Joy,16,138,9605114434,9605114434,Matched
107,Choondacherry,Reni,38,195,9961255486,9544869319,Matched
108,Chooranolil,Soja,35,183,9895268857,8015105801,By elimination
109,Chozhamparambil,Sebastian,1,56,9447677956,9645142685,Matched
110,Deepanilayam,Soman P N,30,171,9074926833,7012686792,Matched
111,Don Villa Edathichira,Jose Thomas,19,145,9744280967,9744280967,Matched
112,Earoorickal,Joy,39,196,9496540729,7510215586,Matched
113,Earoorickal,Babu,39,196,9495686118,8304059118,Approximate
114,Earthayil,Thresiamma [Jimmy],5A,89,9447577527,8921889724,By elimination
115,Earthayil,Chackochan[Chacko],7A,103,9497664173,9446863572,Matched
116,Eattuvelil,Santhosh,6A,95,9207416281,9961228263,Approximate
117,Eattuvelil,Siby,6A,96,9744278743,,Matched
118,Eatuvelil,Devasia Antony,15,134,9447583083,9495734830,Approximate
119,Eatuvelil,Varghese Joseph,18B,143,7558066573,7012138822,Approximate
120,Eatuvelil,Babu[Varghese],21A,151,9747435670,,Approximate
121,Eatuvelil,Ouseph Antony,23,155,9744285168,9349828263,Approximate
122,Eatuvelil,Mathai,27A,165,9207577024,9497137024,Approximate
123,Eatuvelil,Jins,27A,166,9605615076,,By elimination
124,Eatuvelil,Jiny,27A,166,9605374180,,By elimination
125,Eatuvelil,Susamma,31,174,9544023557,,Matched
126,Eatuveliyil,Alykutty[Valsamma],21A,151,9645437697,,Matched
127,Ebrammadathil,Molykutty,31,174,9446334237,9961028472,By elimination
128,Ebrammadathil,Philip E J,35,183,9744388798,9744996386,Matched
129,Edackalath,Rajesh,39,197,9446921350,9446714302,Approximate
130,Edamannel,Thankachan,28,169,8281133125,9947941862,Approximate
131,Edathinakam,Dominic,30,171,8547022632,7902722277,By elimination (page 171)
132,Edayadiyil,Vincent,29,170,8086870925,9946850363,Matched
133,Eeramplackal,Libin,46,214,9995378986,9745543045,Matched
134,Elamathayil,Jainamma,11,118,8848953287,,Matched
135,Elamthottam,James [Jacob],7A,104,7558011080,9496723722,Matched
136,Elanjil,Roy,8,108,8086877190,9656576524,Approximate
137,Elanjimattathil,Joy,46,215,9497090553,,By elimination
138,Elavanappara,James [Thomas],15,134,9562554867,6282341406,By elimination
139,Elavunkal,Antony Chacko,1,56,8281747746,9562843346,Matched
140,Elavunkal,Babu Chacko,8,108,7510613679,9961277481,Matched
141,Elavunkal,Varghese Chacko,13,128,9744255467,9605273310,Matched
142,Elavunkal,Saji Varghese,16,137,9745438187,9072438187,Approximate
143,Elavunkal,Thresiamma Dominic,18A,142,7736709160,,Matched
144,Elavunkal,Jessy,20,150,7560823237,8156814370,Matched
145,Elavunkal,Paul [Viji],21A,151,9562766229,9744766229,Matched
146,Elavunkal,Joy [Peter],21A,151,9744329159,9539362572,Matched
147,Elumbilikkattu,Jismon George,6A,96,9961160978,,By elimination
148,Eroorickal,Martin,9,111,7510871366,8156813946,Approximate
149,Eruppakkattu,Philip Mathew,6A,95,9842641338,9495631046,Matched
150,Ettiyil,Sunny Joseph,7B,105,9447471230,8848893553,Matched
151,Ezhacheril,Mathew,9,110,9447916837,9495715861,Matched
152,Ezhuthupallickal,Thomas[Kuttappan],9,111,9947168001,8301939083,Matched
153,Ganapathiplackal,Juby Joseph,37,192,9447288412,9495130476,Matched
154,Ganapathiplackal,Joseph [Thankachan],45,211,9495224644,7306330440,Matched
155,Inchiyil,Mary,38,195,9747362653,,By elimination
156,Indikuzhiyil,Jose George,18A,142,9886575707,8904393674,Matched
157,Irumbukuthiyil,James Chacko,8,108,9947275850,9645615691,Matched
158,Kaallananickal,Joy Antoney,1,55,9061206523,9562557385,By elimination
159,Kachappallil,Sebastian Varghese,23,156,9447288939,9495394188,Matched
160,Kachappallil,K V Mathew,37,192,9400440840,9446860417,Matched
161,Kachappally,Joseph,35,183,9447808525,9995207525,By elimination
162,Kadamthuruthel,K K Jacob,27B,167,9539402441,9496941411,Matched
163,Kadappoor,Sanjo Antony,37,192,8547922586,8547913101,Approximate
164,Kadappoor,Jose,40,198,9349899444,9497806650,Approximate
165,Kadappoor,Luckose,40,198,9947074244,8848503274,Approximate
166,Kadappoor,Sophiamma,40,198,7306897701,,Approximate
167,Kaduvathookil,Scharia,3B,74,9562549510,8921543073,Matched
168,Kaduvathookil,Kunjumon,36,185,9446021421,7025442134,Approximate
169,Kaimadamthuruthiyil,Jose,6A,94,9447227212,8606002633,By elimination (page 94)
170,Kaipanplackal,Shibu,38,195,9400381020,7306938113,Matched
171,Kaippananickal,Jose Aliyas,37,192,9526675355,8921274046,Approximate
172,Kakkakoodumkal,Varghese,4A,77,9496187801,7907055591,Matched
173,Kakkakootilparambil,Jose[John],6B,100,9645308092,,Matched
174,Kalangaramury,Inkachan,28,169,9446275075,9446275089,By elimination
175,Kalappurackal,Jijo Joseph,3A,71,9495848074,9496113363,Approximate
176,Kalappurackal,Valsamma,5A,89,7012003924,8301953552,Approximate
177,Kalappurackal,Tojo,5A,89,9074034759,,By elimination
178,Kalappurackal,Martin Scariya,7A,102,9747414916,9745518633,Approximate
179,Kalappurackal,Rosamma,7A,102,7306887491,9446482756,By elimination
180,Kalappurackal,Joji Scharia,7B,105,9446123318,9400389318,By elimination
181,Kalappurackal,Schariya,9,111,8848766354,9447750426,Approximate
182,Kalappurackal,Tony,9,111,9400924421,8281481138,Approximate
183,Kalappurackal,Binoy,9,111,9744388262,7012469055,Approximate
184,Kalappurackal,Appachan,11,117,7507791987,9422491170,By elimination
185,Kalappurackal,Baby [Mani],12,124,9495885948,,Approximate
186,Kalappurackal,Benny Thomas,13,129,9495163476,9947425228,Approximate
187,Kalappurackal,Martin Jose,30,171,7559000239,9495592531,By elimination
189,Kalarickal,Siby,31,173,9544601016,8590701734,Matched
190,Kalarickal,Georgekutty,37,192,8281785920,9495215458,By elimination
191,Kalarickal,Babu,38,194,9744470243,6235926744,Approximate
192,Kalarickal,Thankachan,39,196,9497744743,9745389139,Matched
193,Kalarickal,Saji,39,196,9447125537,9495515412,Matched
194,Kalarickal,Johny Thomas,41,200,8848353522,,Matched
195,Kalarickal,Thomas,41,200,9496113359,9895593359,Matched
196,Kalarickal,Thresiamma,42,203,8187022053,9562399744,Approximate
197,Kalathil,Monichan,6A,95,9895615857,9188570321,Matched
198,Kalathil,Rarichan,35,184,9778482105,9496591936,Approximate
199,Kalathil,Sajan George,42,202,8129054878,,Matched
200,Kalathiparambil,Justin Joseph,16,137,9744697528,7558011701,Approximate
201,Kalathiparambil,Joy,31,173,9447129835,,By elimination
202,Kalathipparambil,Jameskutty [Mathai],1,55,9526870351,8943690991,Approximate
203,Kalathoor,Lillykutty,19,145,9447314081,,Matched
204,Kalayil,Philo,10,113,7034032375,,Matched
205,Kalayil,Raju,20,150,9744270818,,Matched
206,Kalladayil,Suma,26,164,9961229147,9562555081,By elimination
207,Kallakulam,Annamma Thomas,7A,103,8301863973,8281426875,Approximate
208,Kallakulam,Lalu Thomas,33,179,9744963973,9744647135,Approximate
209,Kallarackal,Fenil,3B,74,9447350272,9495050959,Matched
210,Kallarackal,Mathew [Kuttichan],4A,77,9447419393,7012619495,Matched
211,Kallarackal,Sunny,5A,89,9495234771,8281248796,Approximate
212,Kallarackal,Josy Thomas,18A,142,9496379657,9495110939,Matched
213,Kallarackal,Siby,36,185,9447283733,8301073744,Approximate
214,Kallarackal,Dr.Jacob George,36,185,9747363215,9037578215,By elimination
215,Kallarackal [Payyampallil],Tom Thomas,18A,142,9447051686,8129390420,Approximate
216,Kallarackaparambil,Gladis [Rose],7A,103,9544583715,,Matched
217,Kallarvayalil,Jose,30,171,9447240594,9821666689,Matched
218,Kallikkattu,Sebastian,10,113,9446301731,9400081731,Matched
219,Kalloorath,Joseph,40,198,9961019285,7511128358,Approximate
220,Kalloorath,George,40,198,9946318760,6282191527,Matched
221,Kalloorath,Thomas,40,198,9947895709,8332009608,Approximate
222,Kallumkal,Roby K Abraham,1,56,7907983657,9562083497,Matched
223,Kallunkal,Tiji,33,177,9847021824,8281796805,Matched
224,Kalluvettamkuzhiyil,Valsamma Jose,4B,85,9400046226,,Matched
225,Kanayamplackal,Dr. John [Late],7B,106,9447721618,8547545035,By elimination
226,Kanayinkal,Chackochan,27A,166,9747366103,9605411066,Matched
227,Kanayinkal,Dennis,33,177,9447692494,,By elimination
228,Kanayinkal,Devasiakutty,36,186,9605617040,,From page 171
229,Kandakkudy,Mercy john,1,57,9645136607,,Approximate
230,Kandathil,Devasia,27A,166,9496592525,9495215128,Approximate
231,Kandathil,Tomy,35,184,9961019893,9656563224,Approximate
232,Kandathinkal,Sindhu,10,113,6282111488,,Matched
233,Kanikunnel,Joy Joseph,1,55,9847532435,8137078594,Matched
234,Kanikunnel,Binoy Mathew,15,135,7559917000,9847995385,Matched
235,Kanikunnel,Joy Joseph,15,135,9847532435,9847532435,By elimination
236,Kanikunnel,Joy,25A,159,9447848045,8281797458,Matched
237,Kanikunnel,Bino,25B,163,9447808761,9497097696,Matched
238,Kaniyamparambil,Selin Louis,7A,103,9745479682,7559929458,Matched
239,Kanjirakkattu,K M Philip,2,65,9447212108,9495132108,Matched
240,Kanjirakkattu,Sebastian,2,65,8086176006,9946802752,By elimination
241,Kanjiramnilkunnathil,Kuruvila Chacko,10,114,9605446307,7902972619,By elimination (page 114)
242,Kanjirathumootil,Shaji Josph,20,150,9495394695,,Matched
243,Kanjirathumootil,Rosily Sabu,46,213,9995267012,8848341481,Matched
244,Kanjirathumootil,Jose K T,46,213,6238617049,8078078176,Matched
245,Kanjirathunkal,Alykutty,12,124,9207701304,9745744874,Matched
246,Kannamangalam,Mathai [Mathew],7A,104,8281430613,,Matched
247,Kannamkulam,Jomon Varghese,4B,84,7907117121,,Matched
248,Kappilumackal,Raju Jose,3A,70,9446121137,9605049063,Matched
249,Karakkada,Devasia K M,2,66,9745189337,9495529946,By elimination
250,Karickal,Cecil Emmanuel,1,55,8281986435,8547318435,Matched
251,Karikkakunnel,Johns,20,150,9446756319,9495542803,Matched
252,Karikkakunnel,Jose,25A,159,9447070395,9895442892,Matched
253,Karikkattukunnel,Saju Dominic,23,155,9447155337,9495955337,Matched
254,Karikkattukunnel,Tomy Dominic,23,155,9447082337,9495982337,By elimination
255,Karimbanakuzhy,Seena Sojan,8,107,9544019773,9526619773,Matched
256,Karingamavil,Shijo Thomas,17,141,9846587173,,Matched
257,Karippacheril,Sheela T Jose,4B,85,9495558657,,Matched
258,Karippal,Thomas,14,132,9947804874,,Matched
259,Kariyanattu,Thankachan,11,118,8281433617,9447783617,Matched
260,Kariyankal,Thresiamma,26,164,8089246400,,By elimination
261,Kariyil,Anal John,27A,165,9895438112,8129049272,Matched
262,Karupallil,Gracy,28,169,9656230318,9633988415,By elimination
263,Karupalliyil,Anil,12,124,9961717060,,Matched
264,Kathayanattu,K T Thomas,1,56,9495686133,9446205410,Matched
265,Kattakkayam,Raju Mathews,10,114,9496127893,9447213043,Matched
266,Kattakkayam,Babu Mathew,46,215,9544200298,9747675577,Matched
267,Kattakkayam,Benny Mathew,10,113,9744251319,9744991319,Matched
268,Kattakkayam Puthenpurackal,Sabu,6A,95,9496800708,9496723929,By elimination
269,Kattakkayam Puthenpurackal,Shaji,12,123,8281023365,,Approximate
270,Kattakkayam Puthenpurackal,Binoy [Martin],12,123,9947106991,8547135991,Approximate
271,Kattikkaran,Densil,25B,163,9207416282,9947282788,Matched
272,Kattikkaran,Thomas,38,194,9400819246,9446602386,Matched
273,Kattikkaran,John,38,194,9995063739,9020279728,Matched
274,Kattottu,Joy Joseph,33,178,9496374465,6366968353,Approximate
275,Kavalipadan,Mathews K O,26,164,9448790777,,By elimination
276,Kavanattuparambil,Saji,22,153,9746402434,9567242637,Matched
277,Kavanattuparambil,Shaji,26,164,9497095201,9497090259,By elimination
278,Kavipurayidam,Sabu George,4B,84,9847578350,9947973488,Matched
279,Kavipurayidam,Johnson K George,4B,84,9824154893,9265880458,Matched
280,Kavunkal,Anish,15,134,8943460559,9061460559,Matched
281,Kavunkal,Ajesh P J,17,141,9562354262,9562354262,Matched
282,Kavunkal,Brijith,17,141,8289869805,,Matched
283,Kavunkal,Rosamma Devasia,17,141,9947049183,9747367214,By elimination
284,Keeramchira,Shaji,44,208,9656610011,9544706657,Matched
285,Keeranchira,Appachan [Joseph],7A,103,9605874609,9446266612,Matched
286,Keeranchira,Shibu [James],7A,103,8547033253,8281735162,By elimination
287,Keeranchira,Antony,20,150,9446275039,,Matched
288,Kilirooparambil,Kunjumon,6A,94,9496569766,9447661484,By elimination
289,Kilirooparambil,Thomachan,14,132,9526689525,,By elimination
290,Kilirooparambil,Sebastian K S,16,138,8075413963,8590013245,Matched
291,Kilirooparambil,Biju Thomas,18A,142,9961968173,7902963039,Matched
292,Kilirooparambil,Siju Thomas,18A,142,9447171617,9446029617,Matched
293,Kilirooparambil,Saji Thomas,18A,142,9745903426,9605943060,By elimination
294,Kilirooparambil,Jimmy Mathew,18B,143,9447201498,6282414917,Matched
295,Kilirooparambil,Baby Mathew,18B,143,9446205242,6282400454,Matched
296,Kilirooparambil,Mathew Sebastian,18B,143,9447226742,8590169283,Matched
297,Kilirooparambil,Dominic Mathew,18B,143,9495219962,9846216042,Matched
298,Kilirooparambil,Juby Joseph,18B,143,9447659510,9495691628,Matched
299,Kilirooparambil,K M Mathew,18B,143,9447129759,9633774965,By elimination
300,Kilirooparambil,Joseph [Kuttiyachan],18B,144,9400422639,9567144763,Matched
301,Kilirooparambil,Rajesh Kurian,18B,144,8606622114,7356744345,Matched
302,Kilirooparambil,Jijo Goseph,19,145,9447129782,9496722851,Matched
303,Kilirooparambil,Shibu Joseph,19,145,9446972223,9605570225,Matched
304,Kilirooparambil,Joseph Sebastian,19,145,9061284817,,By elimination
305,Kilirooparambil,Sojan,26,164,9747252416,8590093997,Matched
306,Kilirooparambil,Alykutty,46,214,9188723936,9446123936,By elimination
307,Kizhakkenath,Dominic K P,33,177,9746191040,9497743040,Matched
308,Kizhakkeparambil,Joseph Thomas,5B,91,9495686152,,Matched
309,Kizhakkeparambil,Sojan Thomas,18A,142,9446863266,9497820011,Matched
310,Kizhakkethalackal,Bindhu,4A,77,9645551467,9400972522,Matched
311,Kochalummootil,Jose,34,181,9562684525,,Matched
312,Kochinparambil,K J Mathew,17,141,9567772978,9946810944,Matched
313,Kochodackal,Annamma Josph,2,65,9496160376,9895997557,By elimination
314,Kochodackal,Br. Jobino Mathew,2,66,6238534654,,From page 71
315,Kochukarippaparambil,Anil George,6B,99,7558058800,7558021250,Matched
316,Kochukarippaparambil,Annamma Thomas,16,137,9495003083,,Matched
317,Kochukarippaparambil,Bijoy Kurian,23,155,9207416707,7560962760,By elimination
318,Kochukarippaparambil,Pious Mathew,23,156,9447288898,7356558952,Matched
319,Kochukarippaparambil,Jose,28,169,9497820676,8301931876,By elimination
320,Kochumattathil,Raju [Jose],9,111,9656692339,8086339077,Matched
321,Kochuparambil,Babu,9,110,9947982733,9961277615,By elimination
322,Kochuparambil,Raju,9,110,9447288712,9495875409,By elimination
323,Kochuparambil,Sunny K Mathew,24,157,9747674734,9544221313,Matched
324,Kochuparambil,Mercy,31,174,9562156010,9995065902,Matched
325,Kochuparambil,Benny Mathew,34,182,8921377935,8281358265,Matched
326,Kochupoovathummoottil,Tom J Sabu,10,114,6235232507,9495675524,Matched
327,Kochupurackal,George K A,1,56,9496115952,9496376217,Matched
328,Kochupurackal,Sunjay George,15,134,9173622746,9188800292,Matched
329,Kochupurackal,Joy [Antony],8,108,9961450714,,Matched
330,Kodickal,Jose,5A,88,6282219492,8900958682,Approximate
331,Kodikat,Joseph Peter,23,155,9995951135,8606220250,By elimination
332,Kodikattu,Moly,3B,74,9961809087,8848968972,Matched
333,Kodikattu,K J Joy,5B,92,9744097660,9495562660,Matched
334,Kodikattu,Thomas,36,185,9946768585,9745460872,By elimination
335,Kodikattu,Justin,36,186,8547163321,,From page 171
336,Kodikattu,Babichan,39,196,9544600970,8289837550,By elimination
337,Kodikattu,Joseph,45,211,9495518230,8078352872,Matched
338,Koickal,Mathew,6A,95,9747368639,,Matched
340,Koipurathu,Abraham [Babu},4A,77,9495361124,9495714657,Approximate
341,Koipurathu,Anto Abraham,5B,91,9446109077,6282784258,Approximate
342,Koipurathu,Joseph Dominic,18B,143,9562200367,9744329349,Approximate
343,Koipurathu,Mathew Dominic[Sabu],18B,143,9447355094,6282648772,Approximate
344,Koipurathu,Jacob Dominic,18B,144,9447284095,6238838585,Approximate
345,Koipurathu,Baby,19,145,9744146548,,Approximate
346,Koipurathu,Thomas,19,145,9061849470,9645124111,Approximate
347,Kollakunnel,Nyju,4A,78,8590771394,8943271994,Matched
348,Kollamala,Anoop [Joseph],13,128,7561066139,9747357004,Matched
349,Kollamala,Ajesh Mathew,39,197,9400858024,,Matched
350,Kollamparambil,Thomaskutty,6A,96,9847949145,9656563022,Matched
351,Kollamparambil,Joseph,8,107,8590086003,7902303853,By elimination (page 107)
352,Kolloothanam,Mary[Alice],8,108,9961143785,8921320928,By elimination
353,Kolloothanam,Elizabath,19,145,8156813765,,Matched
354,Kolloothanam,Mariya,19,145,8606052905,,Matched
355,Kolloothanam,Aammini Chacko,19,145,9544985405,9496540957,By elimination
356,Kolluthanam,Saji,20,150,9947506965,,Matched
357,Kolluthanam,Usha,21B,152,8921314845,8301948447,By elimination
358,Konat Puthuparambil,Raju,39,197,9495868248,9495868248,Matched
359,Konat Puthuparambil,Reji,39,197,9446063550,9446023551,Matched
361,Konoor,Jobinson,42,203,9497329166,9074738143,Matched
362,Koodathummuriyil,Jaimon Mathew,3B,75,9446893987,9446921597,Matched
363,Koodathummuriyil,Jinu Mathew,34,182,9447231282,9048655678,Approximate
364,Koodthumuriyil,Jaimon,31,173,9496268469,7736821597,Matched
365,Kooliparambil,Anto Joseph,42,203,8606840971,,Approximate
366,Koonambalayil,Elsy Thomas,2,66,9605828418,9447808446,Matched
367,Koorackanal,Mathew,9,110,8943895000,9544600365,Approximate
368,Koorackanal,Appachan [Joseph],9,110,8289868288,9605892722,By elimination
369,Koottanal,Ummachan,45,211,9447762560,9497771842,Matched
370,Koottappuram,Sherley Sebastian,16,138,8113007912,,Matched
371,Koovapoikayil,Ratheesh,32,175,8281338274,6238971079,Approximate
372,Kottadikunnel,Bobin,3A,70,9526663572,7909128450,Matched
373,Kottanalloor,Saji,31,173,8891429364,7025310985,Matched
374,Kottanalloor,Appachan,34,181,9495019561,8157007340,Approximate
375,Kottanalloor,Shaju,39,196,7561050810,9207450810,Approximate
376,Kottarathil,Shijo,2,66,9605844272,9207773785,Matched
377,Kottarathil,Benson,30,171,9446205000,9048585739,Approximate
378,Kottarathil,Joji,45,211,9447129849,9495394088,Matched
379,Kottavila,Joseph,32,176,6238130693,,Matched
380,Kottayil,Mathew Mathew,17,140,8289827210,8307547310,Matched
381,Kottayil,Thanka,17,140,8606220083,9447499569,Matched
382,Kozhikothickal,Ancy [Thresiamma],13,128,9049477849,9049477849,By elimination
383,Kudiliparambil,Stephen,25A,160,8121837711,,Matched
384,Kudiliparambil,Baby Joseph,25A,160,8089203089,9778401357,Matched
385,Kudukkamthadathil,Sojy,9,110,9961277480,8590443817,Matched
386,Kulachitharayil,Joseph Thomas,7A,103,9495984014,9400018940,Matched
387,Kulachitharayil,Baby,25A,160,9605574335,,Matched
388,Kulangara,K J Jolly,24,157,9495777441,9446222582,Matched
389,Kulangaramuriyil,Job Thomas,23,155,8547021665,7306643829,Matched
390,Kumariyaruparambil,Roy,11,118,7558039177,,Matched
391,Kumariyaruparambil,Thomas,16,138,8156813877,,Matched
392,Kumbamthanam,Ouseph [Bins ],6B,100,9745866539,9207964155,Matched
393,Kumbuckal,Joly Thomas,1,55,9747507761,,Matched
394,Kumbuckal,Shinoy,6A,96,9847949145,9656563022,By elimination (page 96)
395,Kumbuckal,Titus K L,27B,167,9447911876,8111967052,Matched
396,Kumbuckal,Martin,27B,167,9074568168,9562685123,Matched
397,Kumbuckal,Anil,28,169,9495106912,8122718625,Matched
398,Kumbuckal,Sunny,28,169,9446261616,9496268707,By elimination
399,Kumbuckal,Babu,34,181,8089246315,9744993841,By elimination
400,Kumbukkal,Mathukutty,27A,165,9447847763,8547104459,Matched
401,Kummappallil,Leo Antony,19,145,9447366538,9544858893,Matched
402,Kumpalanthanam,Philip,4A,78,9497087094,9497090465,Matched
403,Kumpalanthanam,Bibin Antony,42,203,9447758484,9995233476,Matched
404,Kumpalappallil,Sebastian,44,207,9400042451,7025821050,Matched
405,Kumpalappallil,Tomy [Kuriakose],44,207,9495570688,9495570688,Matched
406,Kumpalappallil,Elsamma,44,207,9497373269,,Matched
407,Kumpanthanam,Thankachan,8,108,9645551768,,Matched
408,Kumpuckal,Mathew,40,198,7560957240,8921969316,Matched
409,Kunnackatt,Alice Joy,18B,143,8111897902,7902201316,Matched
410,Kunnappallil,Sebastian Jacob,4B,85,8330831248,9947970623,Matched
411,Kunnappallil,Saju Thomas,7A,102,9447391128,9544706569,Matched
412,Kunnappallil,Bells,10,113,9447105211,,Matched
413,Kunnel,Joseph Mathew,1,57,9048016499,9846303256,Matched
414,Kunnel,Sebastian Mathew,3A,70,9495212388,9497222533,Matched
415,Kunnel,Roselin Joseph,16,137,8590169665,9446125330,Matched
416,Kunnel,Biju Kurian,16,137,9495445384,9633788988,By elimination
417,Kunnel,Antony [Roy Kurian],16,137,9946754137,,By elimination
418,Kunnel,Ajith Joseph,25A,160,7012589681,8281152971,Matched
419,Kunnel,Joy Joseph,35,183,9446742040,,By elimination
420,Kunnel,Baby,44,207,9895754212,8547564212,Matched
421,Kunnukayil,Saiju K T,25A,160,9496537263,,Matched
422,Kunnumpurathu,Jacob Dominic,17,140,9495515958,9562013530,Matched
423,Kunnumpurathu,Sunny Thomas,22,153,9495734560,9495394680,Matched
425,Kureekattu,Bijily,2,66,9847670472,9747084661,By elimination
426,Kureekattu,Kurian,3B,75,9249742925,8714400990,By elimination (page 75)
427,Kureekattu,Thomachan,3B,75,9605322690,9744753807,Matched
428,Kureekattu,Appachan,11,118,9446759867,9447930867,Matched
429,Kureekattu,Ouseppachan,11,118,9400824419,7736864419,Matched
430,Kureekattu,George,30,171,9947301763,8078340941,By elimination
431,Kureekattu,James,31,174,8590159734,9446524084,Matched
432,Kureekattu,Babichan,44,207,9495849427,8547830047,Matched
433,Kureekattu,Sabu,44,207,7559808307,,By elimination
434,Kureekkattu,Tomy Joseph,1,55,9447776807,7012612443,Matched
435,Kureekkattu,Tomichan,11,117,9447281466,9400938535,Matched
436,Kureekkattu,George Joseph K,11,117,9447659869,9074649434,Approximate
437,Kureekkattu,Jose Joseph [Jinu],11,117,9446821227,8111870445,By elimination
438,Kurisummoottil,Mathews,5A,89,9947423635,,By elimination
439,Kuriyinkal,Joy,34,181,9961254834,9526988052,By elimination
440,Kuriyinkal,Jomon,34,181,9895688493,9567144767,By elimination
441,Kuriyinkal,Benny,34,181,9544999596,6235695429,By elimination
442,Kuruvanplackal,Sebastian,6B,99,7736272424,8113058760,Matched
443,Kuryappallil,Biju K P [Paul],14,133,9846595742,8157996308,Matched
444,Kuttickattu,Joseph [Baby],6A,96,9496221922,9446021813,From nearby page 95
445,Kuzhickattu,James Dominic,4B,84,9895276214,9895222153,Matched
446,Kuzhickattu,Thomas,45,210,9497667427,9447506769,By elimination
447,Kuzhickattu,Adv. Vincent,45,210,9446756474,8547826974,By elimination
448,Kuzhickattu,Jacob,46,214,9447324165,9446024165,Matched
449,Kuzhickattu,Thommchan,46,214,9744142696,8281429342,Matched
450,Kuzhielikuzhiyil,Babu Joseph,23,156,9605108007,6282380546,Matched
451,Kuzhikkattu,Babu [Jacob Vincent],1,56,9497704254,9446158123,Matched
452,Kuzhikkattu,Mathew,31,174,9048033727,9048039629,Matched
453,Kuzhikkattu,Dr. Binoy,36,185,9744388051,7306865312,Matched
454,Kuzhikkattu,James,39,196,9447978990,9495393385,By elimination
455,Kuzhikkattu,Thomas Mathew,41,200,9496113359,9895593359,Matched
456,Kuzhikodil,Appachan,6A,94,9446276980,8589803546,Matched
457,Kuzhikodil,Jino,6A,96,9447601042,9497285496,Matched
458,Kuzhimattathil,Joseph Abraham,45,210,9446859966,,By elimination
459,Kuzhipallil,Sibichan George,27A,165,9496262810,9496262830,Matched
460,Kuzhippallil,Sojan,6A,95,9961189753,,By elimination
461,Kuzhippallil,Thomas,36,186,9446201529,7907892399,Matched
462,Kuzhivelikuzhiyil,Joseph K T,16,137,9446125331,9446294252,By elimination
463,Kuzhivelikuzhy,Renju Joseph,10,114,9645819995,6282843738,Matched
464,Kuzhivelikuzhy,K J James,25A,160,9495393551,,Matched
465,Kuzhivelikuzhy,Renjith Joseph,25A,160,7736851257,9847851257,Matched
466,Kuzhivelikuzhy,Sunil,32,175,9995063952,9995290822,Matched
467,Kuzhivelikuzhy,Anil Varghese,32,175,9961674569,9544120324,Matched
468,Kuzhivelil,Antony [Thankachan],4A,78,9447506853,9495312728,Matched
469,Kuzhivelil,Jiji Joseph,5B,91,9744717448,7902394649,Matched
470,Kuzhivelil,Johnson,31,173,9447769532,9497469532,Matched
471,Kuzhiyanchal,Baby,28,169,9400605556,7306882075,Matched
472,Machiyanickal,Mathukutty,7B,106,8547876019,9562653805,Matched
473,Mackkal,Babu Joseph,35,184,9895511242,,Matched
474,Mackkal,Anish Babu,35,184,9605117950,9605117950,Approximate
475,Madappalikunnel,Joseph,9,110,9605928352,9061206019,Matched
476,Madappallikunnel,Thankachan,20,149,8078210828,9961261871,Matched
477,Madappallikunnel,Mathew,21B,152,8075730438,8075730438,Matched
478,Madappattu,Tubin Thomas,3A,70,9447678022,9895616851,Matched
479,Madathileth,Wilson,12,123,9946451183,9074014070,Matched
480,Madathileth,Rajesh [Mathew],12,124,8075615941,9495215403,Matched
481,Madathilparambil,M J Jose,5B,92,9544105642,9744605642,Matched
482,Madhavasserry,M J Thomas,3A,71,9497820415,9847336091,Matched
483,Madhavasserryl,Elizabath,14,132,9539040419,9947524666,By elimination
484,Madukkakuzhy,Alexander,7A,102,7902740693,9496622682,Matched
485,Madukkakuzhy,Elamma George,22,153,8089921863,8089356563,Matched
486,Madukkakuzhy,Thresiamma,32,175,9495875299,,Approximate
487,Madukkavil,Jose joseph,5A,89,9496745155,,By elimination (page 89)
488,Mailammoottil,Joy Titus,5B,91,8111951971,9605043720,By elimination
489,Malampurath,Martin,9,111,9061326935,9895344310,Approximate
490,Malampurath,Shaji,15,134,9495382713,,By elimination
491,Maleparambil,Jijo,20,149,8606485422,,Approximate
492,Maleparambil,Chinnamma,20,149,8590431986,,Approximate
493,Maliakal,Dr. Kuncheria,33,178,8281885225,9495458522,Matched
494,Maliakal,Saji,42,202,9495526913,9446040913,Matched
495,Maliyekal,Mathew Joseph,7A,102,9961514485,,Matched
496,Mallathu,Michael,4B,85,9447208606,7012170918,By elimination
497,Mamprayil,Sony Thomas,33,177,9447130037,9995450702,Matched
498,Manakkat,Sebastian Chacko,33,179,9605446380,,Approximate
499,Manalel,Sebastian,6A,96,9605452014,,Matched
500,Manamel,Dr. Rajesh,12,124,9447762695,9495705751,Approximate
501,Mandapathil,Dr. Joseph M M,7B,106,9645555275,9526409785,Matched
502,Mandapathil,Jiby Jose,33,177,8848776426,9447143346,Matched
503,Mangalappady,Annamma George,2,65,9447227846,9496807846,By elimination
504,Mangalappady,Achankunju,7A,102,9074312254,9645899760,By elimination
505,Mangalathil,Mathukutty [Mathew],7A,102,9744168882,7306557356,By elimination (page 102)
506,Mangalathil,Joseph Mathew,17,141,9947942626,9947497765,Matched
507,Mangalathukarotu,"Dr, Savio",36,185,9188594983,,By elimination
508,Mangalathukarotu,Geo Martin [Noble],36,185,9447034245,7025646263,By elimination
509,Manikapuram,Joby Joseph,33,177,8891419850,9447859423,Matched
510,Manikkothukunnel,Mayjo Mathew,46,213,9946359352,9745922989,Matched
511,Manikulath,Raju M S,10,113,6238520049,9526268395,Matched
512,Maniparambil,Shajul George,5A,88,9495981175,9447111175,Matched
513,Manish Bhavan,Mathew,9,111,8281319774,8281077447,Approximate
514,Maniyangat,John,5A,88,9868894006,9868739820,Matched
515,Maniyangat,Sali Jose,5A,89,9946463866,8075043941,By elimination
516,Maniyankeril,Thomas,25A,160,6238247261,8606426630,Matched
517,Maniyankeril,Mariyamma,25A,160,9744345887,,Matched
518,Maniyankeril,Joji George,26,164,9495394108,9497225361,Matched
519,Maniyankeril,Tomy George,26,164,9947346450,,By elimination
520,Manjappallikunnel,Babu,39,196,9961749154,8281280713,Matched
521,Manjappallikunnel,Joseph,40,198,9747496478,9747205156,Matched
522,Mannamparambil,Joy [Xavier],6B,99,9496638857,8547323532,Matched
523,Mannamplackal,Thomas,5B,92,9895810290,,Approximate
524,Mannamplackal,M George Thomas,33,178,9447692546,9446022545,Approximate
525,Mannamplackal,Joseph Dominic,33,179,8086251957,,Approximate
526,Mannamplackal,Rejina Pious,35,183,8547221354,,By elimination
527,Mannankarathara,Thomas Xavier,23,156,9400446584,9495686584,Approximate
528,Mannaramattam,Mary,13,129,9645553669,,Approximate
529,Mannarath,Adv. Boben,44,208,9447525615,9497012169,Matched
530,Mannarukulam,Ancy Francis,8,107,9544172799,6282503465,Matched
531,Mannathuplackal,Johny,3B,74,9747905702,9747905704,Matched
532,Mannooparambil,Martin Paul,7B,106,6282034518,9048879925,Approximate
533,Mannooparambil,Sajan Joseph,45,211,9400812353,,By elimination
534,Manthara,James Avirah,37,193,9539615632,9539315623,Matched
535,Maramkolliyil,Biju,9,110,9188082579,7559091662,Matched
536,Maratil,Mathew M T,33,179,9946294437,9645636701,Approximate
537,Maratil,Thomas T M,42,202,9495446875,7034390105,Matched
538,Marattil,Elsamma,7A,103,9562211649,7902431131,Matched
539,Marattukalam,Roymon [Jacob Antony],39,196,9562702996,9947497691,Matched
540,Marattukulam,Leelamma Thomas,45,211,8078874625,9207203908,Matched
541,Mariyabhavan,Mariya,21A,151,9645536074,,Matched
542,Mariyamkunnel,Binoji M J,6A,96,9747525243,,From nearby page 95
543,Mariyamkunnel,Alyamma Jose,8,108,9496869366,9495168740,Matched
544,Mariyamkunnel,Benny,19,145,9207003308,9562705443,Matched
545,Mariyamkunnel,Susamma[Kunjumol],21A,151,8089230792,9946702713,Matched
546,Mariyamkunnel,Ajith[Joseph],21A,151,9605449396,8921249450,Matched
547,Mattackal,Reji Thomas,4B,85,9446385780,9447269483,Matched
548,Mattackal,Shojo Thomas,4B,85,9778496197,9946801625,Matched
549,Mattakkara Thundiyil,Shina Joseph,42,203,9961428262,9447228262,Matched
550,Mattamunda,Sabu Jose,13,129,9447288408,9495571372,Approximate
551,Mattamunda,Appachan[Antony],13,129,9496691472,6282733672,Approximate
552,Mattappallil,Joy [Zacharias],4B,84,6238552374,,Approximate
553,Mattappallil,Babu Thomas,7A,102,9544373959,8078858646,Approximate
554,Mattappallil,Joy,43,205,8593055171,8129858520,Approximate
555,Mattappally,M V George,1,57,8075089790,9495515688,Approximate
556,Mattathil,Reji Mathew,4B,85,9539029883,9656639889,Matched
557,Mattathil,Roby,36,186,9447367381,7736596599,Matched
558,Mattathil,Shaji,36,186,9447288368,8075724334,By elimination
559,Mavelikulathil,Renny Mathew,27B,167,6238173482,9446930069,Matched
560,Mavelikulathil,Roy Mathew,27B,168,7034374248,7034374254,Matched
561,Mekkattuparambil,M J Joseph,11,117,9447456351,8281611351,Matched
562,Melvettam,Elsamma Mathew,5A,89,9400921156,,By elimination
563,Moloparambil,Shery Zacharia,1,56,9447027231,9847037223,Matched
564,Moloparambil,Issac [Maju],4A,77,9447306742,9995021386,Approximate
565,Moloparambil,Shibu,46,213,9447230954,9446407231,Matched
566,Mookilikkattu,Saji M Thomas,42,202,9447178431,9446078431,Matched
567,Mookkilickattu,Appachan,6A,94,9447572691,8281351380,Matched
568,Mookkilickattu,Santhosh,6A,94,9349831383,8281952440,By elimination
569,Mookkilickattu,Binu,10,114,9495107494,8289934948,Matched
570,Mookkilickattu,Bibin,11,117,9447212758,9544860660,Matched
571,Mookkilikkattu,Rosamma Varkey,4B,84,9074436584,9496794883,Matched
572,Mookkilikkattu,Mercy[Thressia],7A,103,9496540968,9961311184,Matched
573,Mookkilikkattu,Chackochan,7A,103,9643276967,8590251441,Matched
574,Mookkilikkattu,Ullas Joseph,7B,106,9744393916,,Matched
575,Moolakunnel,Ajesh K M,14,132,9895862132,9383407132,Matched
576,Moolakunnel,Shijumon M K,16,138,7012516083,7306340753,Matched
577,Moolayil,Martin Thomas,1,57,9495444357,9497393745,Matched
578,Moolayil,Jojo Joseph,7B,105,9895621300,,By elimination
579,Moolayil,M T Sebastian,18A,142,9656570140,9656685765,Matched
580,Moongamackal,Noyal Jose,33,178,9656537243,,Matched
581,Moozhikunnel,Jose M T,17,140,9747328421,9656417644,Matched
582,Moozhiplackal,Jojo Thomas,42,203,9995317072,8075789926,Matched
583,Morkalickal,Mathukutty,6A,94,9895781208,,Matched
584,Mukalayil,Roy,6A,95,9495526923,,Approximate
585,Mukalel,Jose,5A,89,9446646313,9495875489,By elimination
586,Mukalel,Mercy John,16,137,9947131802,,By elimination
587,Mukkat,Jomon,31,173,9447234948,9562234948,Matched
588,Mukkunkal,Jacob M I,3A,70,9961382885,8301928852,Matched
589,Mulamoottil,Vasanth M John,4B,84,9496978470,9048655470,Matched
590,Mullasseril,Jancy Kuriakose,2,66,9778749779,,Matched
591,Mullonkal,M V Luka,38,195,9446276751,9496115155,Matched
592,Mundackal,Cicy John,36,186,9188594983,,Matched
593,Mundackal,Ouseppachan,44,207,9605115394,9497376322,Matched
594,Munjanatt,Tomy M J,13,129,9446717413,9496868577,Matched
595,Muthirakalayil,Thomas,6A,96,9847949145,6238187283,Matched
596,Muthiyaparayil,Joshy,29,170,9447307012,9496323484,Matched
597,Mutholil,Devasia M S,5A,88,9946139203,8590438826,Matched
598,Muthuplackal,Roy,11,117,9447281466,9400938535,Matched
599,Muthuplackal,Varghese Mathew,45,210,9446201068,9446951253,Matched
600,Muthuvayalil,Ignatius Xavier,4B,85,9496535829,7306583907,Matched
601,Muttathottil,Thomas,27A,165,9895207433,9495718490,Matched
602,Muttathukunnel,Thomas,4A,77,9446712172,9447193960,Matched
603,Muttathukunnel,Devasia [Kunju],9,111,7907699263,7510467441,Matched
604,Muttathukunnel,Sebin,11,117,8921413242,8547224417,Matched
605,Muttathukunnel,Joice,11,117,9847703164,6282654762,Matched
606,Muttathukunnel,Jaimon,11,117,9447281466,9400938535,Matched
607,Muttathukunnel,Sebastian,11,118,9447986780,9447601261,Matched
608,Muttathuparackal,Sabu Joseph,33,178,7025538027,9895538027,Matched
609,Muttethazham,Sabu Devasia,23,156,9446226368,9400706051,Matched
610,Myladiyil,Mathew,3B,74,9947561024,8592891724,Matched
611,Nadackal,Suresh,28,169,9446068325,9747761712,By elimination
612,Nadackal,Sojan Mathew,46,214,9447348158,9496147051,Approximate
613,Nadukkemury,Rosamma,27A,165,9496086347,,Matched
614,Naduthottiyil,Jose N J,46,214,9946927093,8129685091,Matched
615,Naduvathani,Sabu,25B,163,9961016853,8113016853,Matched
616,Naduvathani,Shaji Manuel,27B,167,9447508031,8281219031,By elimination
617,Nagathunkal,Georgekutty,20,150,9447507384,,Matched
618,Nalathil,Reena,3B,75,9995387741,8921488351,Approximate
619,Nalathil,Sunil,35,184,9744684255,9562390577,Approximate
620,Nalathil,Shaji,35,184,9947924984,7907481464,Approximate
621,Nandikatt,Rosamma,27A,166,6235872376,,By elimination
622,Nannakuzhiyil,Thankamma Paul,3A,71,9497323944,9847916283,Matched
623,Narithookil,Thomas,11,118,9495480186,9400421830,Matched
624,Necherikumbuckal,Joseph,27B,167,9961714230,8943872597,Matched
625,Necherikumbuckal,Jacob Thomas,27B,167,9778760147,9775760147,Matched
626,Necherikumbuckal,Joji Thomas,27B,168,9744998043,9947350182,Matched
627,Necherikumbuckal,Thomas T,27B,168,8156814053,9447532853,Approximate
628,Nedumpurathu,Thankachan,34,181,9495444389,9061444389,Matched
629,Nedumthottiyil,Josekutty [Thomas],6B,99,9744813805,,Matched
630,Neernakunnel,Appachan,27A,165,9497739219,,By elimination
631,Nellickal,Sanil,6A,95,9446180532,,Matched
632,Nellimala,Philip Mathew,37,193,9562938512,9539738712,Matched
633,Nellimalayil,N M Thomas,1,55,9605436839,9747499712,Matched
634,Nelliyakunnel,Baby Thomas,16,137,9744017436,9497260436,By elimination
635,Nelliyani,N A George,7B,105,9995289995,9946409013,Matched
636,Nirappel,Bijumon Francis,23,156,9746487575,9447258715,By elimination (page 156)
637,Njallakkattu,Jain,6A,94,9497349584,9061649584,Matched
638,Njallathil,Modi,34,181,7306369718,9497095974,Matched
639,Njallimackal,Leelamma,46,214,9947225506,,Matched
640,Njavallil,Roy,11,118,9447741653,9446024653,By elimination
641,NjavallilKoonthanam,Lissiamma Thomas,23,155,9496722453,,Matched
642,Olikkarottu,Thomachan,2,66,9745438185,,Matched
643,Onattukunnel,Joseph Varghese,42,202,9447288399,7356016045,Matched
644,Orappanchira,Thomachan,11,117,9847703164,6282654762,Matched
645,Orappanchira,Thomas [Varghese],11,117,9885664010,,Matched
646,Orappanchira,Kunjeppu[Joseph],12,123,8921403761,9769143431,Approximate
647,Othara,Biju Joseph,7B,106,9495313126,9447139487,Approximate
648,Padakootil,Kuriakose,10,114,9633225153,9847470183,Approximate
649,Padannamackal,P M Mathew [Babu],2,66,9447156905,,Matched
650,Padannamakkal,Chacko P D,24,158,9446205562,7306301925,Approximate
651,Padickal,Sojan,32,175,9847477686,8547262462,By elimination
652,Padickathara,Varghese,41,200,8606792717,9496941939,Approximate
653,Padickathara,Philomina,41,200,9562015162,,Approximate
654,Padickathara,Chacko,41,200,9544985145,,By elimination
655,Padikkathara,Jijo,34,181,9567245110,7306614968,Approximate
656,Padikkathara,Jojo,34,181,7560974128,,By elimination
657,Padiyara,Thomas,27A,165,9447201348,9497821356,Matched
658,Padiyara,Saji,27A,166,8078213760,8289863760,Approximate
659,Palackal,Benedict Thomas,18B,144,9745705648,9446555376,Matched
660,Palackal,Varkichan,30,171,9446123848,9447064965,By elimination
661,Palakkamannil,Cherian P C,22,153,9447134490,,Matched
662,Palamuriyil,Sabu Joseph,3A,70,9446205275,8547930845,Matched
663,Palamuriyil,Mathew Joseph,3A,70,9447258211,9447743574,Matched
664,Palamuriyil,Thankachan [Joseph],6B,99,9747008424,,Matched
665,Palamuriyil,Sebastian,14,132,9744235638,7025068059,Matched
666,Palathinkal,Jessy Thomas,25A,159,9745479838,9497881082,By elimination
667,Pallikunnel,Joy,43,205,6238692977,6235205640,Matched
668,Pallineerackal,Benny George P,1,57,9744594188,8921274518,Matched
669,Pallineerackal,Jojo George,1,57,6238413861,9446057762,Matched
670,Pallineerackal,P V John,2,66,9495480165,,Matched
671,Pallineerackal,Mathukutty,5A,88,9447082202,9446580534,Matched
672,Pallineerackal,Shinto Mathew,7B,106,9747571730,,Matched
673,Pallineerackal,Kunjumon,16,138,8547842215,8547842215,Matched
674,Palliparambil,Baby,20,150,8086458691,9747845866,Matched
675,Palliparambil,Sheeba,21A,151,8089230792,9946702713,Matched
676,Palliparambil,Thankachan,28,169,9447367797,7559091359,Matched
677,Pallivathukkal,George,15,134,8606503212,,By elimination
678,Pallivathukkal,Antony,36,186,8129895320,8129895539,Matched
679,Pamplaniyil,Devasia,40,198,8089606073,8289875873,Matched
680,Panachickal,Joseph,5B,92,9947272148,,Matched
681,Panackabanglow,Joshy,22,153,9495215357,8714171780,Approximate
682,Panackabunglow,Floma,11,118,9446375565,9400238565,Approximate
683,Panackabunglow,Appu,11,118,9447572523,9497324468,Approximate
684,Panackabunglow,Mathappan,11,118,9447282911,9539350642,Approximate
685,Panackabunglow,Unni,11,118,9961674090,9656383426,Approximate
686,Panackabunglow,Thomaskutty,46,214,9495234820,9497234820,Approximate
687,Panackal,Santhosh Sebastian,5B,91,9656553600,7559953600,Approximate
688,Panackal,Saji P S,7A,102,9496821759,9947845553,Approximate
689,Panackal,Anil,9,111,9495108738,9495952834,Approximate
690,Panackal,Varghese [Ambily],9,111,9387844654,8590052812,Approximate
691,Panackal,Sunil,9,111,8606512104,,By elimination
692,Panal,P M Mathew,5B,91,9447850583,8590759066,Matched
693,Panampuram,Lisa,21B,152,9744714077,9745900158,Matched
694,Pananthottathil,Varkey,6A,95,9495048577,,Matched
695,Panavelil,Varghese,6A,95,9495233697,9074135936,Matched
696,Panavelil,Siby,6A,95,9605869163,,Matched
697,Panavelil,Tomy,9,110,9747297459,9847715176,Approximate
698,Panavelil,Benny P M,13,129,9961277455,7592954711,Matched
699,Pannikuzhickal,Sajimon Sebastian,1,55,9447776807,7012612443,Matched
700,Pannikuzhickal,Elamma,10,113,9747719332,,Matched
701,Pannikuzhiyil,Annakkutty Mathew,46,213,7558066412,,Matched
702,Panthaplackal,Siby Joseph,16,137,9447808687,9496569570,Approximate
703,Panthiruvelil,P M John,24,157,9961702789,,Matched
704,Panthiruvelil,P M Paul,24,157,9495886381,9744454484,Matched
705,Panthiruvelil,Jacob Mathew,24,158,9447601260,9400014212,By elimination (page 158)
706,Panthiruvelil,Jose Roy,24,158,9446756498,9447850502,Matched
707,Panthiruvelil,Mathew Mathew,24,158,9526302947,9747496419,By elimination (page 158)
708,Panthiruvelil,Dominic Mathew,24,158,9400732838,8137805059,Matched
709,Panthiruvelil,P J Jacob,24,158,9446602115,9400722021,Matched
710,Panthiruvelil,Punnoose,29,170,7034914101,,Matched
711,Panthiruvelil,Johny,29,170,8281540342,,Matched
712,Panthiruvelil,Nelson P Mathew,37,192,9400921982,9744343281,Matched
713,Panthiruvelil,Pankarasy Mathew,37,192,9400421969,8304852469,Matched
714,Panyammackal,Thomaskutty,32,175,9400615019,8075199981,Matched
715,Panyammackal,Winson,45,211,9656123795,9497145246,Matched
716,Parackal,Joji Joseph,18B,144,9744266643,6282564260,Approximate
717,Parackal,Aji P J,25A,159,9495480211,9562553515,Matched
718,Parackal,Annamma,25A,160,9037485475,,Matched
719,Parackal,Rajan,29,170,9446424954,9446386954,Matched
720,Parackal,Saji,29,170,9447404342,9746653137,By elimination
721,Parackal,Sabu,31,173,9447768681,8547025061,Matched
722,Paradiyil,Biji Biju,42,203,9526293185,,By elimination
723,Parappanal,Antony Mathew,3A,71,9645510794,8606583316,By elimination
724,Parasseril,Sijo Joseph,22,154,9447507955,6282432177,Matched
725,Parassery,Ammu,34,181,8606223807,,By elimination
726,Parayakunnel,Christo Justin,46,214,7306155944,9074200490,Matched
727,Parekkattu,Francis P C,1,56,9074597272,8943885025,Matched
728,Parekulam,Thankachan,35,183,9526416116,8606047207,Matched
729,Parepurackal,Sebastian P J,25A,159,9947932820,9656643376,Matched
730,Parippeettathottu,Chackochan,4A,77,9446351360,7907054113,Approximate
731,Pariyanickal,P V Mathew,32,176,9947090145,9496262314,Matched
732,Pariyathottathil,John [ Joy],6B,100,9745079515,9446331324,By elimination
733,Paruthepathiyil,Siby George,1,56,8921532575,9526548765,Matched
734,Pathippallil,Mammachan,46,213,9020491030,6235455170,By elimination
735,Pathiyil,Reji Kurian,10,114,9400735395,7909223391,Matched
736,Patrapankal,Dr. Mary Abraham,22,153,9446205131,,Matched
737,Pattavanakkalayil,Scariachan P J,36,185,9526974743,9497814743,Matched
738,Payyappillil,Akkamma,46,215,9495509891,6832188040,Assigned from page
739,Pazhoor,Cherian P M,27B,167,9961142668,9562925115,Matched
740,Pazhukkaparambil,Martin,40,198,9947884181,7994089381,By elimination
741,Peedikakunnel,Babu Joseph,27B,168,8277721534,8861347484,Matched
742,Pereparambil,Roy,39,196,9744017232,9961976185,Matched
743,Pereparambil,Sebastian,40,198,9895522257,9778086835,Matched
744,Pereparambil,George,40,198,9495444503,,Matched
745,Pereparambil,Johnson,45,211,7594007851,7902394619,Matched
746,Perikilakkat,Josephkunju,36,186,9447082482,9495638085,Matched
747,Perumannil,Siby P Joseph,1,56,7012817611,7306319725,By elimination
748,Perumpallil,Siby Joseph,22,154,8301938906,8089813483,Matched
749,Perunnappallil,Sunny Mathew,4B,85,9447215361,8592085607,Matched
750,Pezhanal,John Chandy,46,213,9961874335,9037558689,Matched
751,Pezhutholy,Mani,20,149,9526671978,8157940962,Matched
752,Pidiyancheriyil,Peter Xavier,19,146,9961070530,8086492181,Matched
753,Pinakkattu,Chacko,7A,103,9497384258,9744480054,Matched
754,Pittathankal,Kurian Abraham[Joy],36,186,9495166688,9995175877,Matched
755,Pittathankal,Dr. Celin,45,210,9526840494,8075806157,By elimination
756,Plackal,Winson,20,150,8606557743,8606013351,Approximate
757,Plackal,Seenu,21B,152,7356074667,,Matched
758,Plackal,Biju,38,194,9645770009,9605397009,Approximate
759,Plackat,P A Abraham,25A,160,9961932823,,Matched
760,Plackayil,P J John,23,156,9605498024,9744642712,Approximate
761,Plammootil,Reji,31,173,9497468816,8289889399,Matched
762,Plapparambil,P V Joseph,36,185,9447355190,9847331837,By elimination
763,Plavolil,Roy,8,107,9746255501,,Matched
764,Plavuvachathil,Aby John,42,203,9495273239,,Matched
765,Podimattathil,Jose Joseph [Sanju},1,55,9447024563,,Matched
766,Podimattathil,Sony Thomas,1,56,8921633954,6282162509,Matched
767,Podimattathil,P M Mathew [Babichan],2,65,9447870466,9446424140,Matched
768,Podimattathil,Saji Mathew,5B,92,9447226699,9496262769,By elimination
769,Podimattathil,Saju,6A,94,9447797443,,By elimination
770,Podimattathil,Johny,12,124,9947172696,7558921596,Matched
771,Podimattathil,Pappachan [Thomas],12,124,9947172696,,Matched
772,Podimattathil,Appachan,12,124,9744717576,9656560102,Matched
773,Podimattathil,Kurian[Kuttiachan],13,128,9947804629,8078370966,Matched
774,Podimattathil,Marykutty,13,129,7510597587,7025612976,From nearby page 128
775,Podimattathil,Jacob,13,129,9747751777,9961439032,By elimination
776,Podimattathil,Joice,17,140,7510215616,,Matched
777,Podimattathil,Antony Joseph,42,202,9447355086,9495537927,Matched
778,Podimattathil,Mathew Joseph,45,210,9495234787,8281776782,Matched
779,Polackachira,Antony Thomas,17,141,9567944136,9633583730,Matched
780,Pongayil,Georgekutty,6A,95,8907479837,,Matched
781,Ponmala,Augustine,16,138,9560456489,9747360445,Matched
782,Ponmalakunnel,Binoy,5A,88,9526687049,,Matched
783,Ponnappallil,Joshy Sebastian,18A,142,8156814173,8547182631,By elimination
784,Ponnappally,Jose P Sebastian,5A,89,9745479770,9495692169,Matched
785,Poolanimattathil,Marykutty,36,185,9539969581,9744146531,By elimination
786,Poolanimattathil,Josy,36,186,6235218199,8606929540,Matched
787,Poolanimattathil,Phelix,36,186,9447456815,8547622427,Matched
788,Poolanimattathil,Nixon,36,186,9496323424,9446509986,Matched
789,Poolanimattathil,Ousppachan,36,186,9656562644,9995387742,Matched
790,Poolanimattathil,Saju,36,186,9400331070,8138081070,Matched
791,Poolanimattathil,Shijo,43,205,9895541273,9747269765,Matched
792,Poolanimattathil,Shinoy,43,205,8848098576,9946991628,Matched
793,Poolanimattathil,Shijimon [Thomas],43,205,9847787814,,Matched
794,Poolanimattathil,Babu [John},43,205,9446204723,,Matched
795,Poolanimattathil,Joy [Thomas],43,205,9562680759,8921394309,By elimination
796,Poomangalam,Tom Jose,23,156,9745829491,9037706491,Matched
797,Poonthottathil,Marykutty,30,172,9961716153,8281146153,Matched
798,Poonthottathil,George,30,172,8606618668,9037185181,By elimination
799,Poothakuzhiyil,Jose,9,110,9656230311,8075017610,By elimination
800,Poovakulam,Mathew [Babichan],7A,104,9447572642,8547104736,Approximate
801,Poovakulam,Alice Joseph,18A,142,9961952943,,Approximate
802,Poovathani,Mathew,4A,78,9447082147,,Approximate
803,Poovathani,Joshua Abraham,4A,77,9207963866,9961047725,Matched
804,Poovathanikunnel,Sunny,2,65,8281826699,7559905208,Matched
805,Poovathanikunnel,Shaji,2,65,8301046504,9497264504,By elimination
806,Poovathanikunnel,Mathukutty,4B,85,9497822147,8943512911,Matched
807,Poovathanikunnel,Sheela [Mariya],6B,99,9207047392,,Matched
808,Poovathanikunnel,Baby Jose,42,203,9188037636,9645930468,Matched
809,Poovathumkal,Thomas [Monay],6B,100,8111858384,,Approximate
810,Poovathummootil,Mathukutty,33,178,9446544493,9747913264,Matched
811,Poovathunkal,Anie George,33,177,8129662863,9497594198,Approximate
812,Poovelikunnel,James,5A,89,9447249626,9567616059,Matched
813,Poovelikunnel,Santu Mathew,7B,106,9744387357,9562766525,Matched
814,Poovelikunnel,P V Francis,10,114,9447154316,7012670471,Matched
815,Pottankulam,K J George,5B,91,9048122924,9495644261,Matched
816,Pulickal,Jose,27B,167,9495538454,9495489247,Matched
817,Pulickal,Jose,30,172,9645505075,8547527498,Matched
818,Pulickal,Thomachan,34,182,8330864407,,Matched
819,Pulickal,Thomachan,34,182,9946004886,9562556164,Matched
820,Pulickal,Joseph,35,184,9656413394,9995277267,Matched
821,Pulickal,Rosmma Chacko,35,184,9447569429,,Matched
822,Pulickal,William Thomson,37,193,9447124374,9895457957,By elimination
823,Pulickal,Joy,39,197,9447506898,9496071229,Matched
824,Pulickal,Mathew Philip,42,203,7907506157,9447600184,Matched
825,Pulickal,Sachin Philip,42,203,9447415268,9961398211,By elimination
826,Pulickal,Kulanthamma,45,211,9495875677,8281355917,Matched
827,Pulickal,Jaison,45,211,9847998086,8075856883,By elimination
828,Pulickal,Joseph Philip,33,178,9446125748,8281596748,Matched
829,Pulickaparambil,Rajan[Chacko],6B,100,9747735751,8129260427,Matched
830,Pulickaparambil,Reji Thomas,6B,100,9645571244,9526254552,Matched
831,Pulickathundiyil,Monichan,29,170,9544583545,9744266440,By elimination
832,Pulikunnel,Jojo [Abraham],7A,103,9388474871,9946656556,Matched
833,Pulinthanahu,Jose,38,195,8086824913,8943396311,Matched
834,Pulinthanathu,Prasanth,6A,96,9633490220,,Matched
835,Pulinthanathu,Sunny,44,207,7558075829,9562923519,Matched
836,Puliyankeezh,Varghese,9,111,9495445308,9496803631,Matched
837,Puliyankunnel,Appu Jose,1,55,9447367688,9496993010,Matched
838,Puliyurumbil,Reji Antony,3A,70,9747188803,8304076028,Matched
839,Pullattu,Rejimon Joseph,46,213,8921054188,8281177642,Matched
840,Pulliyil,Leelamma,45,211,9497095979,,Matched
841,Pullolil,Sominy,27A,165,7909102070,,Matched
842,Pulluvalil,Mariyamma,26,164,9544494281,9562823589,By elimination
843,Pulthakidiyel,Jojo Saju,7B,105,9497321181,8111849633,Matched
844,Punnathanam,Kunjumon,43,205,9847787814,,Matched
845,Punnathanam,Appachan,43,205,9605280658,9744939219,By elimination
846,Purappuzhathayyil,Kochurani Joseph,25A,159,9744724175,9744724174,By elimination
847,Purathel,Joly Joseph,10,114,9496313471,9446197097,Matched
848,Purayidathil,Jessy,10,113,9447868766,,Matched
849,Purayidathil,George Varghese,13,128,7560953460,8606187085,Matched
850,Purayidathil,Sebastian Devasiachan,24,157,9037037320,8547314586,Matched
851,Puthenpurackal,Prince,5B,91,9497095844,,Assigned from page
852,Puthenpurackal,John,19,145,8606571064,,Matched
853,Puthenpurackal,Binoy,30,172,9497878182,9446226546,Matched
854,Puthenpurackal,Rony,32,176,9961401481,9037677645,By elimination
855,Puthenpurackal,Bibin,38,194,9961276382,9605403292,Matched
856,Puthenpurackal,Shaji,38,194,6238981039,,By elimination
857,Puthenpurackal,Shibin,38,194,9656819264,9895800376,By elimination
858,Puthenpurackal,Antony,38,195,9526690376,8606558158,Matched
859,Puthenpurayil,Rinto,6A,96,9895098988,,Matched
860,Puthenveedu,Aruldas,32,175,7306415852,9744302999,By elimination
861,Puthenvilayil,Samuel George,8,107,9961036263,9526690674,Matched
862,Puthiyath,Gloriyas Thomas,17,141,9446204730,9961398221,Matched
863,Puthiyath,Jose P J,24,158,9495875274,9656582504,By elimination
864,Puthuchirayil,Mathew P M,6A,96,9946803209,,From nearby page 94
865,Puthumana,Jose,4B,85,9544398364,9496379481,Matched
866,Puthumana,John Philip,17,140,9446801835,9847943753,Matched
867,Puthumana,Alex,17,140,9447506824,9495391224,Matched
868,Puthumana,Thomas Abraham,17,140,7356927730,9447576646,Matched
869,Puthumana,James Mathew,17,140,9947920819,8281413092,From nearby page 138
870,Puthumana,Cheriachan Mathew,17,140,9447227836,9495632163,Matched
871,Puthumana,Jimmy Abraham,17,140,9446491305,9446710567,Matched
872,Puthumana,Abraham J,17,140,7994725100,9895208995,By elimination
873,Puthuparambil,P G Sabu,16,138,9747776886,7559091385,Matched
874,Puthuparambil,Jose,19,146,9947457706,9747205167,By elimination
875,Puthuparambil,Ansilin,20,150,9562353496,,Matched
876,Puthuparambil,Mary,20,150,9048089135,,Matched
877,Puthuparambil,James Anto,20,150,9961749019,9744607561,Approximate
878,Puthuparambil,Francis [Manoj],21A,151,9744329159,9539362572,Matched
879,Puthuparambil,Thresiamma,21B,152,9061344920,9605868689,Matched
880,Puthuparambil,Lissy Varghese,24,157,9496722835,,Matched
881,Puthuparambil,Jacob P Abraham,24,157,9037037320,8547314586,Matched
882,Puthuparambil,Saju Thomas,24,157,7560959971,9495705813,Matched
883,Puthuparambil,Devasia [Thankai],25A,160,9562333292,9544593948,Matched
884,Puthuparambil,Elsy,25A,160,6235148499,8589803089,Matched
885,Puthuparambil,Paul,25B,163,9495350220,7012830931,Matched
886,Puthuparambil,Moly,25B,163,9544491750,9446222951,By elimination
887,Puthuparambil,Shajan,26,164,9447278907,8590322408,By elimination
888,Puthuparambil,Saju,27A,165,9447258722,9495451282,Matched
889,Puthuparambil,Saji,27A,165,9495294459,9495686149,Matched
890,Puthuparambil,Thomas,27A,165,9061745535,9495385530,Matched
891,Puthuparambil,Philomina,32,175,6282505471,,By elimination
892,Puthuparambil,Thomas,33,177,9447703249,9037003841,By elimination
893,Puthuparambil,Kevin Paul,33,178,7594079620,9995450827,Matched
894,Puthuparambil,Lalichan Thomas,33,178,9605107981,7510795481,Matched
895,Puthuparambil,Lenish Thomas,33,178,9745999806,9633186655,Matched
896,Puthuparambil,Shaiju,33,178,6238334287,9497667879,By elimination
897,Puthuparambil,Joby,37,192,8606557727,9633974733,Matched
898,Puthuparambil,Tomy Thomas,37,192,8606570925,8606554764,Matched
899,Puthuparambil,Thankachan,42,202,9446860491,,Matched
900,Puthuparambil,Rajesh,44,207,9497012169,,Matched
901,Puthuparambil,Saji,44,208,9744243058,9744305639,By elimination
902,Puthuparambil,Johnson,45,211,9895693008,,Approximate
903,Puthuparambil,P D Joy,46,214,9048101176,8086454392,Matched
904,Puthuparambil,Bijoy Jacob,46,215,9846798303,6238924491,Matched
905,Puthuparambil,Benny Antony,46,215,9544858926,9995233687,Matched
906,Puthuparambil,Babu[Francis],46,215,8921943179,9605532210,Matched
907,Puthuparmbil,Thomas Mathai,1,56,9744967657,9544399514,Matched
908,Puthuparmbil,Sumesh Thomas,2,66,9961676333,8281935737,Matched
909,Puthuparmbil,Beena [Mary],8,108,7559091597,7736970274,Matched
910,Puthuparmbil,Alyamma [Aly],8,108,9747341223,9995441214,Matched
911,Puthuppallil,Tomcy,3B,74,9188167261,9744044838,Matched
912,Puthuppallil,Reji Thomas,22,153,9447226675,9946535996,Matched
913,Puthuppallil,Tom Thomas,22,153,9447258708,8547468708,Matched
914,Puthuppalliyil,Sabu Jacob,37,192,9447258705,9895073070,Matched
915,Puthuvayalil,Shilu,5B,92,9495997568,9446387568,Matched
916,Puthuvelil,Joseph[Sabu],8,108,9562731124,9605440892,Matched
917,Puthuvelil,Thankamma,39,197,9895590452,,Matched
918,Rajakulath,Bobachan,2,65,9745146887,7558078476,Matched
919,Rajakulath,Joseph,2,66,9744272029,9562661681,Matched
920,Rajakulath,Thomaskutty,15,134,9074929291,,By elimination
921,Rajakulath,R V Joseph,42,202,9747898422,9645551781,Matched
922,Randuplackal,Joy,38,195,9446759902,9383415902,Matched
923,Santhibhavanam,Betty Richard Samuel,8,107,8606453660,,Matched
924,Sauryamkuzhiyil,Marykutty,31,174,9961569877,,Matched
925,Thadathel,Varghese Devasia,7B,105,7907784243,6282284079,Matched
926,Thadathel,John Sebastian,7B,105,9495097121,6238670448,Matched
927,Thadathil,Susamma Baby,1,55,6282738450,8075959860,Matched
928,Thadathil,Sali,3B,75,9496505024,9746101025,Approximate
929,Thadathil,Pious Mathew,5B,91,9497346508,9497658514,Matched
930,Thadickal,Chacko[Jacob],8,107,9496725889,9847251889,Matched
931,Thaithottathil,Annamma,19,146,9656088179,,By elimination
932,Thakadiyel,Pappachan[Antony],11,118,9048510626,7012485789,Matched
933,Thakadiyel,Prakash,21B,152,9947301729,9605457206,Matched
934,Thakidipurath,Rosamma,4A,77,8547648349,,Matched
935,Thakidipurath,Joseph [Vincent],4A,77,9447212818,9847976349,Matched
936,Thakidipurath,Binu Antony,4A,78,8156813660,9946767910,Matched
937,Thakidiyel,Nyson,29,170,9447808551,,Matched
938,Thakidiyil,Biju[Joseph],6B,99,9747499836,,Matched
939,Thalachira,Sabu [Jose],12,123,9495234838,9188229565,Matched
940,Thalikaparambil,Joseph Joseph,5B,91,9447887021,9495846812,Matched
941,Thaliyaniyil,Pathrose [Babu],15,135,9747500532,9995580982,Matched
942,Thaliyaniyil,Baby,28,169,7025223177,9744312582,Matched
943,Thannickappara,Joy [Sebastian],12,124,9946850158,8714550158,Matched
944,Thannickappara,Joji,46,213,9961717085,8921776508,Matched
945,Thannikkappara,Chackochan [Thamby],15,134,7559091321,,By elimination
946,Thannikkappara,Mathappan,15,134,9446203772,9961147524,By elimination
947,Thannimoottil,Monichan T T,8,107,9961017687,9539196847,Matched
948,Thathakkattu,Babu,35,184,8547927548,9961315548,Matched
949,Thayyil,Jessy,28,169,9747369835,9895363878,Matched
950,Thazhackal,Sunny John,37,193,9495445434,8848743514,Matched
951,Thazhackal,Jose John,37,193,8592803763,9961253774,Matched
952,Thazhackal,Joby John,37,193,8089226454,9526448748,From nearby page 194
953,Thazhackal,Joy John,37,193,9744476425,7907189423,Matched
954,Thazhackal,Siby Thomas,37,193,8606343236,,By elimination
955,Thazhanganat,Mariyamma,8,108,8086721236,9061393713,Matched
956,Thazhoor,Mariyamma [Lisy],4A,77,6238578445,9946778758,By elimination
957,Thekkayil,Babichan [John],12,123,9446972370,9605108030,Matched
958,Thekkechooranolil,John Mathew,4B,85,9895213519,9446708519,By elimination
959,Thekkechooranolil,Tomichan[Thomas],7A,104,8848629142,6238408649,By elimination
960,Thekkekappil,Varghese Jose,25A,159,7909128330,9207338918,Matched
961,Thekkekappil,Johny T J,25A,159,8590548108,8606579604,By elimination
962,Thekkekuttu,Joseph Antony,1,55,9447659415,9207219415,By elimination
963,Thekkekuttu,Tinson,3B,74,9447105213,8075174492,By elimination
964,Thekkekuttu,Jimson George,33,177,9447293458,7902518820,Matched
965,Thekkekuttu,Marydas George,33,177,9048521526,8606298829,Matched
966,Thekkekuttu,Jose,39,197,9947804892,9562399188,Matched
967,Thekkeyil,George,30,172,9539848743,,Matched
968,Thekkumcherikunnel,Thomas,5B,92,9846455229,8078707229,Matched
969,Thekkumthottam,Joppan,2,66,9447226523,8113000400,Matched
970,Thekkumthottam,Tomy,3B,74,9495394337,9497374636,Matched
971,Thekkumthottam,T M George,7B,105,8606557950,8606557950,Matched
972,Thekkumthottam,Manoj,10,114,9447868097,9495777670,Matched
973,Thekkumthottam,Tijo,10,114,9446665475,9496451428,Matched
974,Thekkumthottam,Joy [George],12,123,9446602136,7560962610,Matched
975,Thekkumthottam,Jose[Joseph],12,123,9496817134,9497729782,By elimination
976,Thekkumthottam,Sunny,12,123,9495685953,8547023167,By elimination
977,Thekkumthottam,Philippachan,12,124,9400232100,9746826525,Matched
978,Thekkumthottam,Raju,12,124,9446205328,9497748919,Matched
979,Thekkumthottam,Kunjammachan,12,124,8848890564,9074907573,By elimination
980,Thengadayil,Babu,9,110,9633890133,9645821695,Matched
982,Thengumthottathil,Monichan,20,149,8606935698,,Matched
983,Thengumthottathil,Sabin T S,20,149,9526538020,,Matched
984,Thengumthottathil,Saju,20,149,7559859794,,Approximate
985,Thengumthottathil,Ani Raju,20,149,8281971802,9961721931,Approximate
986,Thengumthottathil,Ammini,20,149,9544833894,7558921384,By elimination
987,Thengumthottathil,Valsamma,21B,152,9744714077,9745900158,Matched
988,Thengumthottathil,Joy,21B,152,7510794182,9562677280,Matched
989,Thenparakuzhiyil,Elizabeth,27A,166,7560953243,8921363053,Matched
990,Theruvankunnel,Sebastian,3A,70,9496821499,9496459399,Matched
991,Thinaparambil,Raju Joseph,3A,71,9497323944,9847916283,Matched
992,Thommithazhe,Georgekutty T M,1,55,9447064897,9446195553,Matched
993,Thommithazhe,George,10,114,9495734946,6238771605,Matched
994,Thommithazhe,Mathukutty,11,118,9447340982,9497664111,Matched
995,Thommithazhe,Johny,12,123,9494113710,9496958384,Matched
996,Thommithazhe,Mathew Varghese,15,134,9744444092,9496608210,By elimination
997,Thonikuzhi,Abraham [ Babu],15,134,9947073801,,Matched
998,Thonikuzhiyil,Lailamma,14,132,9747319611,,Matched
999,Thonikuzhiyil,Biju Joseph,16,138,9744951069,9744951069,Matched
1014,Thottuchalil,Pious Thomas,27B,167,9495343130,9447212809,Matched
1015,Thottunkal,Joji Antony,22,154,7907623007,8075377083,Matched
1016,Thottunkal,Reji Antony,22,154,9567399318,8129021507,By elimination
1017,Thottunkal,Biju,26,164,9656534584,9400011964,Matched
1018,Thoyakulam,Ancy,15,135,8281631193,,Matched
1019,Thudiyamplackal,Joseph,8,108,9961841378,,Matched
1020,Thundiyil,Varghese Mathew,10,113,8592914870,6238504660,Matched
1021,Thundiyil,Jolly Joseph,11,117,9495509756,8590307920,Matched
1022,Thundiyil,Sabu Joseph,25A,160,8547650646,7022177150,Matched
1023,Thundiyil,Jose,30,172,9605783634,9496636408,Matched
1024,Thurithiyil,Lisa,46,214,8606144327,,Matched
1025,Thuruthimattam,Mercy Thomas,32,175,9747360738,,By elimination
1026,Thuruthiyil,Josekutty,39,197,9495394492,9497748905,Matched
1027,Ullatt,Joseph,3B,75,8921281674,9074780748,Matched
1028,Ullattil,Leelamma,19,146,9562863877,,Matched
1029,Uravalanthara,Chacko John,46,214,9495149150,7559803445,Matched
1030,Urumbada,Babu [Thomas],13,128,7559091343,,Matched
1031,Urumbada,Jayan [Antony],13,129,9656776772,,Matched
1032,Urumbadayil,Jijo Joseph,16,138,9947804325,9656570030,Matched
1033,Urumbil,Joseph Thomas,22,153,9447356650,9048022121,By elimination
1034,Urumbil,Thomaskutty,36,185,9400032319,9496806850,Approximate
1035,Uthirakulam,Mathew Joseph,18A,142,9847267720,,By elimination (page 142)
1036,Vadakkayil [Goldhill],Boby,45,210,9495754565,,Approximate
1037,Vadakkayil [Goldhill],Thomas,45,210,9778024490,,Approximate
1038,Vadakkayil [Goldhill],Joby Joseph,45,210,9446053552,9446756469,By elimination
1039,Vadakkayil [Goldhill],Mathews,45,210,9446714994,9447323685,By elimination
1040,Vadakkayil [Goldhill],Claramma Job,45,210,9446092205,9446756622,By elimination
1041,Vadakkedam,Joseph,19,146,9400656683,9496541091,Approximate
1042,Vadakkedath,Shinto,5A,88,9061076392,,Approximate
1043,Vadakkekunnappallil,Devasia,41,200,9744015162,,By elimination
1044,Vadakkel,Varghese,2,66,9961089927,7558975793,Matched
1045,Vadakkel,Sunil George,37,192,9495273157,9496724995,Matched
1046,Vadakkel,Joseph Ulahannan,42,202,9946451281,7510553067,Matched
1047,Vadakkemangalath,Shony Sebastian,8,107,9446982134,7994202134,Approximate
1048,Vadakkemuriyil,Sunny Joseph,1,56,9995914431,7387349005,Matched
1049,Vadakkemuriyil,V J Varkey,3A,70,9893026586,8109285279,By elimination
1050,Vadakkemuriyil,Johnson,18B,143,9961039833,8714918872,Matched
1051,Vadakkemuriyil,Joseph,30,172,8111890256,9747629254,Matched
1052,Vadakkemuriyil,Mercy,31,173,9746422868,,Matched
1053,Vadakketh,Reni John,18A,142,9446863266,9497820011,Approximate
1054,Vadakkummury,Sebastian,7B,106,8606159315,9447451674,Matched
1055,Vadasseril,Jomy Thomas,12,124,8590206709,9495692410,Matched
1056,Vadasseril,Jimmy [Mathew],12,124,9656680646,8281504316,Approximate
1057,Vadasseril,Joji,12,124,9447311200,8921256643,Matched
1058,Vadasseril,Sunny,14,132,7510392877,9895073151,Approximate
1059,Vadasserryl,George Joseph,15,134,9447453276,8547739415,Approximate
1060,Vadayil,Anumon Antony,6A,96,9495165131,,Matched
1061,Vadayil,Antony,23,155,9495766058,,By elimination
1062,Valakkamattam,Shaji,24,157,7558076898,9497817964,Approximate
1063,Valakodiyil,Shibu,44,208,9447282912,9562684721,Matched
1064,Valanattu,Emmanuel,7B,106,9447121410,9947281338,Matched
1065,Valiplackal,Thamby [John},29,170,9447805758,9497456733,Matched
1066,Valiyakarottu,Dominic V S [Shaji},7A,102,8547626427,9895197213,By elimination
1067,Valiyapazhoor,Rajan,6A,94,9495394211,8848474753,Matched
1068,Valiyapurackattu,Joseph Chandy,42,203,8304054655,8281739655,Matched
1069,Valiyil,Paul,26,164,8547217329,,By elimination
1070,Vallikkattil,Sabu V J,14,133,9544862634,7306997274,Matched
1071,Vallikkattil,V J Joseph,25A,159,9074819401,9495750858,By elimination
1072,Valliparambil,Jancy Mathew,7B,105,9447151131,9207573431,By elimination
1073,Valliyamthadathil,George V,35,184,9961017114,,Matched
1074,Valliyil,Antony,11,118,9447288808,9495633474,Matched
1075,Valliyil,Varghese,25B,163,9526874742,9074160044,Matched
1076,Valliyil,V J Thomas,37,192,8129854154,7306018047,Matched
1077,Vallyedathu,Elamma [Aleyamma],7A,103,9645551509,,Approximate
1078,Valummel,Chackochan,3B,74,9446301865,9447391139,Matched
1079,Valyarayil,Rosamma,7B,106,8606159389,,Matched
1080,Vambeny,Saji,5B,92,9400543818,7907549009,By elimination
1081,Vandalakunnel,George V V,18A,142,9544437222,8289977607,Matched
1083,Varakil,Lijo,31,173,9947229447,8156813806,Matched
1084,Varakil,Joshy,32,175,9447473982,9495446850,Approximate
1085,Varakil,Jose Mathew,45,210,9946520597,9778339308,By elimination
1086,Varakil,Joy,45,211,9744786869,9048105695,Matched
1087,Varakil,Molly,45,211,7558839770,9847503090,Matched
1088,Varakil,Raju Peter,46,215,8921895646,9048052474,Matched
1089,Varickamundayil,V J Mathew,25A,160,9447870435,9745750934,By elimination
1090,Varukozhuppel,Babu Jacob,18B,143,9605952183,8078038010,Matched
1091,Varukozhuppel,Shiny Biju,18B,143,7337706788,9188780546,By elimination
1092,Vathalloor,Appachan[Mathai],6B,99,9496638857,8547323532,Matched
1093,Vathalloor,Philomina,6B,99,9446221845,,Matched
1094,Vathalloor,Mary,44,208,8281684924,,Matched
1095,Vattakkattu,Abin Benny,2,65,8940246334,8281425948,Matched
1096,Vattakkattu,Joseph [Rajan],4A,77,9447121599,9447283520,Matched
1097,Vattakkattu,Mons [Emmanuel],4A,77,9447601032,9495686117,Matched
1098,Vattakkattu,Jose Manuel,4B,84,9895276214,9895222153,Matched
1099,Vattakkattu,Sumesh Andrews,4B,84,9446756589,9446278581,Matched
1100,Vattakkattu,Andrews [Appachan],4B,84,9447431887,9446521490,Matched
1101,Vattakkattu,Benny Manuel,4B,84,9447054125,9496014125,By elimination
1102,Vattakkattu,Thomas Abraham,4B,84,8281569260,9188554057,By elimination
1103,Vattakkattu,Baby Thomas,5A,88,8547871581,,Matched
1104,Vattakkattu,Babichan[Christopher],5A,89,8606545897,9562683013,Matched
1105,Vattakkattu,Marykutty,7A,102,7902740693,9496622682,Matched
1106,Vattakkattu,Thomaskutty,7A,102,6238777100,8848935098,Matched
1107,Vattakkattu,Agnes [Shanty],13,128,9496961906,7356483261,Matched
1108,Vattakkattu,Kissinger F,16,138,9947804864,9544692082,Matched
1109,Vattakkattu,Cliffin Francis,16,138,8086610001,8086610002,Matched
1110,Vattakkattu,Colins V F,16,138,9447178952,9744760454,By elimination
1111,Vattakkattu,Joji,30,172,9447356255,9400782344,Matched
1112,Vattakkavunkal,Darly[Mary],6B,100,9496113778,,Matched
1113,Vattakunnel,Shaji V Jose,1,56,9895816961,6238391257,Matched
1114,Vattakunnel,Appachan,7B,106,8547081383,,Matched
1115,Vattakuzhy,Abraham V J,42,202,9447134922,8281853922,Matched
1116,Vattamthottiyil,George,13,128,9744255467,9605273310,Matched
1117,Vattappara,Joychan,21A,151,9947802147,,Approximate
1118,Vattapparambil,Thankamma Chacko,23,155,9495214070,7034917537,Matched
1119,Vattapparayil,Rajan Babu,25A,159,7510263169,,Matched
1120,Vattapparayil,Shaji,35,184,9447473886,8606353886,Approximate
1121,Vattapparayil,Anto,46,214,8129885081,9497096970,By elimination
1122,Vattukalathil,Chacko,8,107,9526319004,,Matched
1123,Vaualunkal Thadathil,Antony,10,113,8848986300,,Matched
1124,Vayalil,Johny,12,123,9447722249,,Matched
1125,Vayalil,Joseph,25A,160,9947516015,9526072592,Matched
1126,Vayalil,Joseph,27A,165,9442783823,6379047261,Matched
1127,Vayalil,Jessy Francis,42,202,9495636560,8281936560,Matched
1128,Vayalil,Baby [Devasia],6B,99,9446473609,7356073609,Matched
1129,Vayalil Attakuzhy,Joseph Mathew,4B,85,9447196058,9074164177,Matched
1130,Vayalunkal,Joy,38,195,9400041423,8156813894,Matched
1131,Vayalunkal,James,25A,160,9744558181,9562702802,Matched
1132,Vayalunkal Thadathil,Jose,5A,89,9495204138,9605108054,By elimination
1133,Vayalunkal Thadathil,Kuttichan,25B,163,8086246500,9446454232,By elimination
1134,Vayumattathil,Babu,14,133,7994534798,9995975377,Matched
1135,Vayumattathil,Sabu Mathew,16,138,9744311804,9605116479,Matched
1136,Vayumattathil,Jose,44,207,9846137301,9846137402,Matched
1137,Vazhakkamalayil,Jerry Robert,10,114,9496039369,6282436428,Matched
1138,Vazhaparambil,Jolly George,37,192,9746543897,,Matched
1139,Vazhaparambil,Georty George,46,215,9447849971,8281787095,Matched
1140,Vazhaparambil,Bindhu Joby,46,215,9447374804,9447693535,Assigned from page
1141,Vazhappanadiyil,Jaimon Jospeh,29,170,9747555052,,Matched
1142,Vazhappanadiyil,Thommachan,36,185,9846151773,9446825314,Matched
1143,Vazhappanady,Vakkachan [Varghese],13,129,9744055413,9747575885,Matched
1144,Vazhavelil,Sunil,26,164,8800921715,9995547688,Matched
1145,Vazhayil,Anil,9,110,8848016995,,Matched
1146,Vazheparambil,Jose,3B,74,9846400801,9847284828,Matched
1147,Vazheparambil,Mary,8,108,8156813965,,Matched
1148,Vazheparambil,Jijo,9,110,9447806084,8590352139,Matched
1149,Vazheparambil,Nisha Alex,32,176,9447296088,6282820469,Matched
1150,Vazhuthanappallil,Shanty Jose,23,156,9496723997,9447571016,By elimination
1151,Vechookunnel,Aliyamma,38,194,9846818794,9526992756,Matched
1152,Vechukarot,Jacob Johnson,23,155,9077217012,,Matched
1153,Vechukarot,Gasper Thomas,23,156,9495661356,9495681356,Matched
1154,Veetuvelikunnel,Bobby James,15,134,9400823705,7034473705,By elimination
1155,Veetuvelikunnel,Joji Jacob,22,153,6282424781,,Matched
1156,Veetuvelikunnel,Jaison Dominic,33,178,9495702151,8281958151,Matched
1157,Veetuvelikunnel,Soby James,37,193,9656676768,9846132276,By elimination
1158,Velamparambil,Thankachan [Chacko],6B,99,9656209480,,Matched
1159,Velamparambil,Antony,27A,166,7736534397,,By elimination
1160,Velickakathu,Joicy,27B,168,8606015837,9656521731,By elimination
1161,Velickakathu,Don Joseph,46,215,8075585143,8907749735,Matched
1162,Velikkakathu,Thresiamma Thomas,44,207,8606015837,,Matched
1163,Veliyamparambil,Philip Yohannan,33,178,9446224517,9074291089,Matched
1164,Vellamattam,Joseph,46,214,9037181411,,By elimination (page 214)
1165,Vellany,Jomit Johny,18A,142,9544437222,8289977607,Matched
1166,Vellapparackal,Joseph Mathew,46,213,9744078229,9847738415,By elimination
1167,Vellikkara,Sanju,4A,78,8136942786,9846661591,Matched
1168,Veluthedathukattil,Babu,7B,106,9495321288,,Matched
1169,Vembeniyil,Shaji,27A,166,9447761025,8281661025,Matched
1170,Venad,Philip,30,172,9539408714,9847408714,Matched
1171,Vengaveliyil,Joy V N,8,107,8943790430,,Matched
1172,Vettickal,Salimma,9,111,9961650708,,By elimination
1173,Vettickal,Biju,20,149,9562914661,9656946617,Matched
1174,Vettickal,Johny,20,150,9656560900,8157007080,Matched
1175,Vettickal,Shiju,21B,152,9961397176,8594037176,Matched
1176,Vettickal,Mathew,21B,152,7558921344,,Matched
1177,Vettickal,Ravi,21B,152,9562924589,9633437217,Matched
1178,Vettickal,Joy,21B,152,9847768556,7559808254,Matched
1179,Vettickal,Joseph,25A,160,9605437217,,Matched
1180,Vettickalolickal,Thomaskutty,6A,96,9447311066,,Matched
1181,Vettikkombil,Sabu George,23,156,9447473719,8848702513,Matched
1182,Vettikunnel,Chacko,41,200,9947501832,,Matched
1183,Vettithanam,Jiji,36,186,9961021465,,Matched
1184,Vettiyankal,Jessy,28,169,8606637547,9633587037,By elimination
1185,Vettukallamkuzhy,Shyju,5B,92,9961025884,9747372853,Matched
1186,Vettukallamkuzhy,Shyby,5B,92,8921381746,9744078329,Matched
1187,Vettukallamkuzhy,Achamma,14,133,9846879537,,Matched
1188,Vettukallamkuzhyil,Rosmma Joseph,41,200,8547674793,,Matched
1189,Vezhakkat,Thomas,34,181,9745391668,9744268355,Matched
1190,Vezhakkattu,George,30,172,9744297955,8547246795,Matched
1191,Vilangupara Chittettu,Babichan[Varghese],13,128,9446712290,,Matched
1192,Villyedathu,Thankachan V T,16,137,9605419967,7510148797,Matched
1193,Virakodiyanal,Sunnykutty Joseph,42,202,9447366559,8547031339,Matched
1194,Vithuvattickal,Jacob Thomas,17,141,9496331272,9446855885,Matched
